1	1st
1	1st 1
1	1st one
1	at the top
1	first
1	first 1
1	first one
1	i
1	one
1	one at the top
1	the 1st
1	the 1st 1
1	the 1st one
1	the first
1	the first 1
1	the first one
1	the top
1	the top 1
1	the top one
1	top
1	top 1
1	top one
10	10th
10	10th 1
10	10th one
10	ten
10	tenth
10	tenth 1
10	tenth one
10	the 10th
10	the 10th 1
10	the 10th one
10	the tenth
10	the tenth 1
10	the tenth one
10	x
11	11th
11	11th 1
11	11th one
11	eleven
11	eleventh
11	eleventh 1
11	eleventh one
11	the 11th
11	the 11th 1
11	the 11th one
11	the eleventh
11	the eleventh 1
11	the eleventh one
11	xi
12	12th
12	12th 1
12	12th one
12	the 12th
12	the 12th 1
12	the 12th one
12	the twelfth
12	the twelfth 1
12	the twelfth one
12	twelfth
12	twelfth 1
12	twelfth one
12	twelve
12	xii
13	13th
13	13th 1
13	13th one
13	the 13th
13	the 13th 1
13	the 13th one
13	the thirteenth
13	the thirteenth 1
13	the thirteenth one
13	thirteen
13	thirteenth
13	thirteenth 1
13	thirteenth one
13	xiii
14	14th
14	14th 1
14	14th one
14	fourteen
14	fourteenth
14	fourteenth 1
14	fourteenth one
14	the 14th
14	the 14th 1
14	the 14th one
14	the fourteenth
14	the fourteenth 1
14	the fourteenth one
14	xiv
15	15th
15	15th 1
15	15th one
15	fifteen
15	fifteenth
15	fifteenth 1
15	fifteenth one
15	the 15th
15	the 15th 1
15	the 15th one
15	the fifteenth
15	the fifteenth 1
15	the fifteenth one
15	xv
16	16th
16	16th 1
16	16th one
16	sixteen
16	sixteenth
16	sixteenth 1
16	sixteenth one
16	the 16th
16	the 16th 1
16	the 16th one
16	the sixteenth
16	the sixteenth 1
16	the sixteenth one
16	xvi
17	17th
17	17th 1
17	17th one
17	seventeen
17	seventeenth
17	seventeenth 1
17	seventeenth one
17	the 17th
17	the 17th 1
17	the 17th one
17	the seventeenth
17	the seventeenth 1
17	the seventeenth one
17	xvii
18	18th
18	18th 1
18	18th one
18	eighteen
18	eighteenth
18	eighteenth 1
18	eighteenth one
18	the 18th
18	the 18th 1
18	the 18th one
18	the eighteenth
18	the eighteenth 1
18	the eighteenth one
18	xviii
19	19th
19	19th 1
19	19th one
19	nineteen
19	nineteenth
19	nineteenth 1
19	nineteenth one
19	the 19th
19	the 19th 1
19	the 19th one
19	the nineteenth
19	the nineteenth 1
19	the nineteenth one
19	xix
2	2nd
2	2nd 1
2	2nd one
2	ii
2	second
2	second 1
2	second one
2	the 2nd
2	the 2nd 1
2	the 2nd one
2	the second
2	the second 1
2	the second one
2	two
20	20th
20	20th 1
20	20th one
20	the 20th
20	the 20th 1
20	the 20th one
20	the twentieth
20	the twentieth 1
20	the twentieth one
20	twentieth
20	twentieth 1
20	twentieth one
20	twenty
20	xx
3	3rd
3	3rd 1
3	3rd one
3	iii
3	the 3rd
3	the 3rd 1
3	the 3rd one
3	the third
3	the third 1
3	the third one
3	third
3	third 1
3	third one
3	three
4	4th
4	4th 1
4	4th one
4	forth
4	forth 1
4	forth one
4	four
4	fourth
4	fourth 1
4	fourth one
4	iv
4	the 4th
4	the 4th 1
4	the 4th one
4	the forth
4	the forth 1
4	the forth one
4	the fourth
4	the fourth 1
4	the fourth one
5	5th
5	5th 1
5	5th one
5	fifth
5	fifth 1
5	fifth one
5	five
5	the 5th
5	the 5th 1
5	the 5th one
5	the fifth
5	the fifth 1
5	the fifth one
5	v
6	6th
6	6th 1
6	6th one
6	six
6	sixth
6	sixth 1
6	sixth one
6	the 6th
6	the 6th 1
6	the 6th one
6	the sixth
6	the sixth 1
6	the sixth one
6	vi
7	7th
7	7th 1
7	7th one
7	seven
7	seventh
7	seventh 1
7	seventh one
7	the 7th
7	the 7th 1
7	the 7th one
7	the seventh
7	the seventh 1
7	the seventh one
7	vii
8	8th
8	8th 1
8	8th one
8	eight
8	eight 1
8	eight one
8	eighth
8	eighth 1
8	eighth one
8	eigth
8	eigth 1
8	eigth one
8	the 8th
8	the 8th 1
8	the 8th one
8	the eight
8	the eight 1
8	the eight one
8	the eighth
8	the eighth 1
8	the eighth one
8	the eigth
8	the eigth 1
8	the eigth one
8	viii
9	9th
9	9th 1
9	9th one
9	ix
9	nine
9	nineth
9	nineth 1
9	nineth one
9	ninth
9	ninth 1
9	ninth one
9	the 9th
9	the 9th 1
9	the 9th one
9	the nineth
9	the nineth 1
9	the nineth one
9	the ninth
9	the ninth 1
9	the ninth one
ALL	all
ALL	all of them
ALL	any
ALL	any of them
ALL	any one
ALL	anyone
ALL	both
ALL	both of them
ALL	each
ALL	each and every one
ALL	each and everyone
ALL	each one
ALL	every
ALL	every one
ALL	everybody
ALL	everyone
ALL	everything
LAST	bottom
LAST	bottom 1
LAST	bottom one
LAST	final
LAST	final 1
LAST	final one
LAST	last
LAST	last 1
LAST	last one
LAST	the bottom
LAST	the bottom 1
LAST	the bottom one
LAST	the final
LAST	the final 1
LAST	the final one
LAST	the last
LAST	the last 1
LAST	the last one
