CENTER_SCREEN	center display
CENTER_SCREEN	center screen
CENTER_SCREEN	center screens
CENTER_SCREEN	center stack
CENTER_SCREEN	centre display
CENTER_SCREEN	centre screen
CENTER_SCREEN	centre screens
CENTER_SCREEN	centre stack
CENTER_SCREEN	display
CENTER_SCREEN	radio display
CENTER_SCREEN	radio screen
CENTER_SCREEN	screen
CENTER_SCREEN	screens
INSTRUMENT_CLUSTER	board
INSTRUMENT_CLUSTER	cluster
INSTRUMENT_CLUSTER	control board
INSTRUMENT_CLUSTER	control panel
INSTRUMENT_CLUSTER	dash
INSTRUMENT_CLUSTER	dash board
INSTRUMENT_CLUSTER	dashboard
INSTRUMENT_CLUSTER	instrument board
INSTRUMENT_CLUSTER	instrument cluster
INSTRUMENT_CLUSTER	instrument panel
INSTRUMENT_CLUSTER	instruments
INSTRUMENT_CLUSTER	odometer
INSTRUMENT_CLUSTER	panel
INSTRUMENT_CLUSTER	speed meter
INSTRUMENT_CLUSTER	speedometer
SEAT	ass
SEAT	chair
SEAT	chairs
SEAT	driver chair
SEAT	driver seat
SEAT	driver's chair
SEAT	driver's seat
SEAT	drivers chair
SEAT	drivers seat
SEAT	leg
SEAT	legs
SEAT	seat
SEAT	seats
SIDE_MIRROR	mirror
SIDE_MIRROR	rear mirror
SIDE_MIRROR	rear view mirror
SIDE_MIRROR	rearview mirror
SIDE_MIRROR	side mirror
SIDE_MIRROR	side view mirror
SIDE_MIRROR	sideview mirror
SPEAKER	audio
SPEAKER	audio system
SPEAKER	audio systems
SPEAKER	audios
SPEAKER	sound system
SPEAKER	sound systems
SPEAKER	speaker
SPEAKER	speakers
SPEAKER	stereo
SPEAKER	stereos
WINDSHIELD	wind screen
WINDSHIELD	wind shield
WINDSHIELD	window
WINDSHIELD	windows
WINDSHIELD	windscreen
WINDSHIELD	windshield
